{"cameraMode":{"drawMode":0,"name":"Shaded","section":"Shading Mode"},"sceneLighting":false,"audioPlay":false,"sceneViewState":{"showFog":true,"showMaterialUpdate":true,"showSkybox":false,"showFlares":true,"showImageEffects":true,"showParticleSystems":true},"in2DMode":false,"pivot":{"x":-4.704298496246338,"y":0.28700000047683718,"z":-3.321061134338379},"rotation":{"x":-0.3701459765434265,"y":-0.015062808059155941,"z":0.00601048581302166,"w":-0.928852915763855},"size":0.3595121204853058,"orthographic":false}